1A2K,ITC,25,7.5
1AHW,Competitive Inhibition assay,25,7.3
1H9D,Electrophoretic mobility shift assays,0,7.5
1NSN,ELISA inhibiton assay,25,7.3
1WQ1,Fluorescence,30,7.5
1ZM4,Fluorescence,25,7.9
2OOR,Fluorescence,25,7.2
1NVU,Fluorescence anisotropy,25,7.5
1RLB,Fluorescence anisotropy,20,7.4
1AY7,Fluorescence inhibition assay,25,8
1BRS,Fluorescence inhibition assay,25,8
1EAW,Fluorescence inhibition assay,25,8.8
1NCA,Fluorescence inhibition assay,25,7.2
1NW9,Fluorescence inhibition assay,37,7.2
1OPH,Fluorescence inhibition assay,25,7.3
2B4J,Fluorescence inhibition assay,25,7.4
2J0T,Fluorescence inhibition assay,37,7.5
2JEL,Fluorescence inhibition assay,23,7.2
1XD3,Fluorescence spectrophotometry,25,7.5
1FQJ,Fluorescence spectroscopy,25,8
1GRN,Fluorescence spectroscopy,25,8
1H1V,Fluorescence spectroscopy,20,8
1GPW,Fluorescence Titration,25,7.3
1IBR,Fluorescence Titration,20,7.4
1OC0,Fluorescence Titration,25,7.3
2SIC,Fluorescence Titration,25,7
1HIA,Inhibition assay,25,7.3
1DFJ,Inhibitionn assay,25,6
1FLE,Inhibitionn assay,25,7.5
1JIW,Inhibitionn assay,25,7
1JMO,Inhibitionn assay,25,7.4
1KXP,Inhibitionn assay,25,7.4
1MAH,Inhibitionn assay,26,7.5
1NB5,Inhibitionn assay,25,7
1PXV,Inhibitionn assay,25,7.8
1RV6,Inhibitionn assay,37,7.2
1YVB,Inhibitionn assay,25,5.5
1ZLI,Inhibitionn assay,23,7.5
2BTF,Inhibitionn assay,25,7
2O3B,Inhibitionn assay,25,7
2OUL,Inhibitionn assay,25,5.5
2PTC,Inhibitionn assay,25,8
2SNI,Inhibitionn assay,25,8.5
2UUY,Inhibitionn assay,25,8
1AK4,ITC,20,6.5
1AVZ,ITC,25,7.5
IE96,ITC,18,7
1FFW,ITC,28,7.4
1I4D,ITC,22,8.7
1JWH,ITC,35,8.5
1PVH,ITC,20,7.5
1US7,ITC,30,8
1VFB,ITC,24,7.1
1WDW,ITC,50,1
1ZHI,ITC,23,7.2
2A9K,ITC,37,7.5
2AQ3,ITC,25,7.2
2C0L,ITC,35,7.4
2HLE,ITC,25,7.8
2HQS,ITC,20,7.5
2OOB,ITC,19.85,7
2PCB,ITC,25,6
2PCC,ITC,25,6
3BZD,ITC,25,7.2
3CPH,ITC,25,7.5
1AVX,Potentiometric,20,8.3
1IJK,Radioligand binding,25,7.4
2VDB,Radioligand inhibition assay,25,7.3
1IB1,Sedimentation equilibrium,4,6.5
1ACB,Spectrophotometric inhibition assay,21,8
1ATN,Spectrophotometric inhibition assay,30,8
1CBW,Spectrophotometric inhibition assay,22,8.2
1PPE,Spectrophotometric inhibition assay,22,8.3
3SGB,Spectrophotometric inhibition assay,22,8.3
4CPA,Spectrophotometric inhibition assay,25,7.5
1R0R,Spectrophotometry,21,8.3
1EWY,Spectroscopic assay,25,8
2ABZ,Spectroscopic inhibition assay,25,7.5
1EZU,Spectroscopic inhibition assay,25,8
1F34,Spectroscopic inhibition assay,37,2
1WEJ,Spectroscopic inhibition assay,25,7.3
2MTA,Spectroscopic inhibition assay,30,7.5
2TGP,Spectroscopic inhibition assay,20,8
1GL1,Spectroscopy,25,7
1AKJ,SPR,25,7.4
1B6C,SPR,25,7.4
1BJ1,SPR,25,4.8
1BUH,SPR,25,7.4
1BVN,SPR,25,7.3
1DE4,SPR,25,7.5
1DQJ,SPR,25,7.5
1E4K,SPR,25,7.4
1E6E,SPR,25,7.4
1E6J,SPR,25,7.4
1EER,SPR,25,7.4
1EFN,SPR,25,7.4
1FSK,SPR,25,7.6
1GCQ,SPR,25,7.4
1GXD,SPR,25,7.2
1HCF,SPR,25,7.4
1IQD,SPR,25,7.4
1J2J,SPR,25,8
1JPS,SPR,25,7.2
1JTG,SPR,25,7.5
1KAC,SPR,25,7.4
1KKL,SPR,25,8
1KLU,SPR,25,7.5
1KTZ,SPR,25,7.4
1KXQ,SPR,25,7.4
1M10,SPR,25,7.4
1MLC,SPR,25,7.4
1MQ8,SPR,25,7.4
1P2C,SPR,25,7.3
1QA9,SPR,37,7.4
1R6Q,SPR,25,7.3
1S1Q,SPR,20,7.2
1XQS,SPR,25,7.4
1XU1,SPR,25,7.4
1Z0K,SPR,25,7.5
2AJF,SPR,25,7.3
2B42,SPR,22,5
2FJU,SPR,25,7.3
2GOX,SPR,25,7.4
2HRK,SPR,25,7.4
2I25,SPR,25,7.4
2I9B,SPR,25,7.4
2NYZ,SPR,25,7.4
2OZA,SPR,25,8
2VIR,SPR,25,7.4
2VIS,SPR,25,7.4
3BP8,SPR,25,8
1HE8,Stoppedflow fluormetry,20,7.5
1I2M,Stoppedflow fluormetry,25,7.4
1K5D,Stoppedflow fluormetry,20,7.5
1LFD,Stoppedflow fluormetry,25,7.4
1T6B,Stoppedflow fluorescence,20,8
1UUG,Stoppedflow fluorescence,25,8
1EMV,Stoppedflow fluormetry,25,7
1FC2,Stoppedflow fluormetry,25,6
2WPT,Stoppedflow fluormetry,25,7
1BVK,Stoppedflow inhibition,20,7
1F6M,,25,8
